epoch,stage,train_loss,val_loss,val_joint_accuracy,val_fruit_accuracy,val_condition_accuracy,val_joint_macro_f1,seconds,new_best
1,warmup,0.7121896444988982,0.4692071504520587,0.945240101095198,0.9738837405223252,0.9671440606571188,0.9463676786456183,251.7677233000004,True
2,warmup,0.4346645409561552,0.41938328200664055,0.9654591406908172,0.983150800336984,0.9797809604043808,0.9652339961132368,228.81541620000007,True
3,warmup,0.40030990184860904,0.40253025338543297,0.966301600673968,0.9848357203032856,0.9797809604043808,0.9666015860900794,221.73363989999962,True
4,finetune,0.37890012774422754,0.34943143720875897,0.9806234203875316,0.9898904802021904,0.9907329401853412,0.9800279885111247,167.53660720000062,True
5,finetune,0.3192094397090924,0.3282367964702789,0.987363100252738,0.991575400168492,0.9949452401010952,0.9866508004708969,153.7198615999996,True
6,finetune,0.2974130787541833,0.3359758762521913,0.9806234203875316,0.9941027801179444,0.9865206402695872,0.9803060031170605,152.8032960999999,False
7,finetune,0.28983461352091144,0.30877862010769414,0.9890480202190396,0.9949452401010952,0.9941027801179444,0.9884700148159732,153.31508799999938,True
8,finetune,0.28162926742047467,0.3111401655740264,0.9865206402695872,0.9924178601516428,0.9932603201347936,0.9860471994736333,158.70432470000014,False
9,finetune,0.28048421961233405,0.3037515507089861,0.991575400168492,0.9966301600673968,0.9949452401010952,0.9912518438451434,178.98468969999976,True
10,finetune,0.2758081128699565,0.29975865112198635,0.9898904802021904,0.9949452401010952,0.9949452401010952,0.9894585548585912,208.20662790000006,False
11,finetune,0.2746049664717704,0.29991226635164037,0.9898904802021904,0.9949452401010952,0.9949452401010952,0.9893482185919182,243.52919509999992,False
12,finetune,0.2745147804605517,0.30623173377246743,0.987363100252738,0.9949452401010952,0.9924178601516428,0.9868861409266958,240.3075576000001,False
13,finetune,0.2734960708878331,0.29699875581334795,0.9890480202190396,0.9932603201347936,0.995787700084246,0.9884457617212683,237.13884420000068,False
14,finetune,0.2733973627843854,0.2954641401817945,0.9907329401853412,0.9932603201347936,0.9966301600673968,0.9901589571056395,157.31538480000017,False
15,finetune,0.2715403513327076,0.2956810626244485,0.9907329401853412,0.9941027801179444,0.9966301600673968,0.9900518295773292,187.9536777000003,False
